file,time,events,driver
carla_driver_data.csv,62.9,harsh_braking,apo
carla_driver_data.csv,68.9,harsh_braking,apo
carla_driver_data.csv,75.5,harsh_braking,apo
carla_driver_data.csv,124.2,harsh_braking,apo
carla_driver_data.csv,174.5,harsh_braking,apo
carla_driver_data.csv,216.4,harsh_braking,apo
carla_driver_data.csv,219.0,harsh_braking,apo
carla_driver_data.csv,317.3,harsh_braking,apo
carla_driver_data.csv,372.2,harsh_braking,apo
carla_driver_data.csv,470.7,harsh_braking,apo
carla_driver_data.csv,481.0,harsh_braking,apo
carla_driver_data.csv,548.4,harsh_braking,apo
carla_driver_data.csv,600.5,harsh_braking,apo
carla_driver_data.csv,706.2,harsh_braking,apo
carla_driver_data.csv,717.6,harsh_braking,apo
carla_driver_data.csv,723.7,harsh_braking,apo
carla_driver_data.csv,726.6,harsh_braking,apo
carla_driver_data.csv,785.0,harsh_braking,apo
carla_driver_data.csv,854.4,harsh_braking,apo
carla_driver_data.csv,867.1,harsh_braking,apo
carla_driver_data.csv,977.7,harsh_braking,onder
carla_driver_data.csv,1191.9,harsh_braking,onder
carla_driver_data.csv,1196.9,harsh_braking,onder
carla_driver_data.csv,1200.9,harsh_braking,onder
carla_driver_data.csv,1216.6,harsh_braking,onder
carla_driver_data.csv,1217.7,harsh_braking,onder
carla_driver_data.csv,1348.8,harsh_braking,onder
carla_driver_data.csv,1398.2,harsh_braking,onder
carla_driver_data.csv,1406.1,harsh_braking,onder
carla_driver_data.csv,1410.2,harsh_braking,onder
carla_driver_data.csv,1455.9,harsh_braking,onder
carla_driver_data.csv,1459.1,harsh_braking,onder
carla_driver_data.csv,1576.4,harsh_braking,onder
carla_driver_data.csv,1594.6,harsh_braking,onder
carla_driver_data.csv,1603.8,harsh_braking,onder
carla_driver_data.csv,1642.1,harsh_braking,onder
carla_driver_data.csv,1698.4,harsh_braking,onder
carla_driver_data.csv,1704.6,harsh_braking,onder
carla_driver_data.csv,1707.5,harsh_braking,onder
carla_driver_data.csv,1711.9,harsh_braking,onder
carla_driver_data.csv,1713.5,harsh_braking,onder
carla_driver_data.csv,1743.5,harsh_braking,onder
carla_driver_data.csv,1749.6,harsh_braking,onder
carla_driver_data.csv,1753.2,harsh_braking,onder
carla_driver_data.csv,1766.8,harsh_braking,onder
carla_driver_data.csv,1861.6,harsh_braking,onder
carla_driver_data.csv,1901.7,harsh_braking,onder
carla_driver_data.csv,1905.9,harsh_braking,onder
carla_driver_data.csv,1927.7,harsh_braking,onder
carla_driver_data.csv,1934.1,harsh_braking,onder
carla_driver_data.csv,1971.2,harsh_braking,onder
carla_driver_data.csv,1979.2,harsh_braking,onder
carla_driver_data.csv,1980.4,harsh_braking,onder
carla_driver_data.csv,2003.5,harsh_braking,onder
carla_driver_data.csv,2056.6,harsh_braking,hurcan
carla_driver_data.csv,2062.0,harsh_braking,hurcan
carla_driver_data.csv,2065.9,harsh_braking,hurcan
carla_driver_data.csv,2126.5,harsh_braking,hurcan
carla_driver_data.csv,2178.3,harsh_braking,hurcan
carla_driver_data.csv,2223.2,harsh_braking,hurcan
carla_driver_data.csv,2284.6,harsh_braking,hurcan
carla_driver_data.csv,2330.6,harsh_braking,hurcan
carla_driver_data.csv,2334.9,harsh_braking,hurcan
carla_driver_data.csv,2395.2,harsh_braking,hurcan
carla_driver_data.csv,2404.4,harsh_braking,hurcan
carla_driver_data.csv,2442.6,harsh_braking,hurcan
carla_driver_data.csv,2490.3,harsh_braking,hurcan
carla_driver_data.csv,2494.2,harsh_braking,hurcan
carla_driver_data.csv,2533.7,harsh_braking,hurcan
carla_driver_data.csv,2584.3,harsh_braking,hurcan
carla_driver_data.csv,2625.3,harsh_braking,hurcan
carla_driver_data.csv,2629.8,harsh_braking,hurcan
carla_driver_data.csv,2716.1,harsh_braking,hurcan
carla_driver_data.csv,2768.0,harsh_braking,hurcan
carla_driver_data.csv,2778.6,harsh_braking,hurcan
carla_driver_data.csv,2783.4,harsh_braking,hurcan
carla_driver_data.csv,2786.0,harsh_braking,hurcan
carla_driver_data.csv,2827.3,harsh_braking,hurcan
carla_driver_data.csv,2921.3,harsh_braking,gonca
carla_driver_data.csv,2924.9,harsh_braking,gonca
carla_driver_data.csv,2969.0,harsh_braking,gonca
carla_driver_data.csv,2971.3,harsh_braking,gonca
carla_driver_data.csv,3020.0,harsh_braking,gonca
carla_driver_data.csv,3055.0,harsh_braking,gonca
carla_driver_data.csv,3106.5,harsh_braking,gonca
carla_driver_data.csv,3203.6,harsh_braking,gonca
carla_driver_data.csv,3255.2,harsh_braking,gonca
carla_driver_data.csv,3287.9,harsh_braking,gonca
carla_driver_data.csv,3331.7,harsh_braking,gonca
carla_driver_data.csv,3340.5,harsh_braking,gonca
carla_driver_data.csv,3342.1,harsh_braking,gonca
carla_driver_data.csv,3386.0,harsh_braking,gonca
carla_driver_data.csv,3435.4,harsh_braking,gonca
carla_driver_data.csv,3479.1,harsh_braking,gonca
carla_driver_data.csv,3488.6,harsh_braking,gonca
carla_driver_data.csv,3489.8,harsh_braking,gonca
carla_driver_data.csv,3546.2,harsh_braking,gonca
carla_driver_data.csv,3554.6,harsh_braking,gonca
carla_driver_data.csv,3597.8,harsh_braking,gonca
carla_driver_data.csv,3618.6,harsh_braking,gonca
carla_driver_data.csv,3689.3,harsh_braking,gonca
carla_driver_data.csv,3737.4,harsh_braking,gonca
carla_driver_data.csv,3786.2,harsh_braking,gonca
carla_driver_data.csv,3792.3,harsh_braking,gonca
carla_driver_data.csv,3833.1,harsh_braking,gonca
carla_driver_data.csv,3840.3,harsh_braking,gonca
carla_driver_data.csv,3891.4,harsh_braking,gonca
carla_driver_data.csv,3928.2,harsh_braking,gonca
carla_driver_data.csv,3935.2,harsh_braking,gonca
carla_driver_data.csv,4020.5,harsh_braking,mehdi
carla_driver_data.csv,4026.0,harsh_braking,mehdi
carla_driver_data.csv,4029.6,harsh_braking,mehdi
carla_driver_data.csv,4070.5,harsh_braking,mehdi
carla_driver_data.csv,4132.1,harsh_braking,mehdi
carla_driver_data.csv,4141.0,harsh_braking,mehdi
carla_driver_data.csv,4184.6,harsh_braking,mehdi
carla_driver_data.csv,4188.0,harsh_braking,mehdi
carla_driver_data.csv,4236.6,harsh_braking,mehdi
carla_driver_data.csv,4272.7,harsh_braking,mehdi
carla_driver_data.csv,4280.5,harsh_braking,mehdi
carla_driver_data.csv,4283.2,harsh_braking,mehdi
carla_driver_data.csv,4337.0,harsh_braking,mehdi
carla_driver_data.csv,4347.4,harsh_braking,mehdi
carla_driver_data.csv,4383.3,harsh_braking,mehdi
carla_driver_data.csv,4424.9,harsh_braking,mehdi
carla_driver_data.csv,4472.5,harsh_braking,mehdi
carla_driver_data.csv,4518.3,harsh_braking,mehdi
carla_driver_data.csv,4541.3,harsh_braking,mehdi
carla_driver_data.csv,4584.0,harsh_braking,mehdi
carla_driver_data.csv,4619.5,harsh_braking,mehdi
carla_driver_data.csv,4628.0,harsh_braking,mehdi
carla_driver_data.csv,4666.5,harsh_braking,mehdi
carla_driver_data.csv,4672.0,harsh_braking,mehdi
carla_driver_data.csv,4710.5,harsh_braking,mehdi
carla_driver_data.csv,4756.7,harsh_braking,mehdi
carla_driver_data.csv,4759.2,harsh_braking,mehdi
carla_driver_data.csv,4835.0,harsh_braking,berk
carla_driver_data.csv,4892.9,harsh_braking,berk
carla_driver_data.csv,4898.4,harsh_braking,berk
carla_driver_data.csv,4944.3,harsh_braking,berk
carla_driver_data.csv,4947.2,harsh_braking,berk
carla_driver_data.csv,4965.7,harsh_braking,berk
carla_driver_data.csv,5012.0,harsh_braking,berk
carla_driver_data.csv,5017.8,harsh_braking,berk
carla_driver_data.csv,5065.9,harsh_braking,berk
carla_driver_data.csv,5067.6,harsh_braking,berk
carla_driver_data.csv,5118.4,harsh_braking,berk
carla_driver_data.csv,5125.6,harsh_braking,berk
carla_driver_data.csv,5129.0,harsh_braking,berk
carla_driver_data.csv,5171.9,harsh_braking,berk
carla_driver_data.csv,5183.7,harsh_braking,berk
carla_driver_data.csv,5186.0,harsh_braking,berk
carla_driver_data.csv,5188.2,harsh_braking,berk
carla_driver_data.csv,5190.6,harsh_braking,berk
carla_driver_data.csv,5232.9,harsh_braking,berk
carla_driver_data.csv,5239.5,harsh_braking,berk
carla_driver_data.csv,5286.0,harsh_braking,berk
carla_driver_data.csv,5297.9,harsh_braking,berk
carla_driver_data.csv,5338.9,harsh_braking,berk
carla_driver_data.csv,5392.5,harsh_braking,berk
carla_driver_data.csv,5395.2,harsh_braking,berk
carla_driver_data.csv,5454.7,harsh_braking,berk
carla_driver_data.csv,5507.4,harsh_braking,berk
carla_driver_data.csv,5512.6,harsh_braking,berk
carla_driver_data.csv,5564.6,harsh_braking,berk
carla_driver_data.csv,5626.2,harsh_braking,berk
carla_driver_data.csv,5631.1,harsh_braking,berk
carla_driver_data.csv,5667.1,harsh_braking,berk
carla_driver_data.csv,5676.7,harsh_braking,berk
carla_driver_data.csv,5693.9,harsh_braking,berk
carla_driver_data.csv,5706.7,harsh_braking,berk
carla_driver_data.csv,5724.7,harsh_braking,apo
carla_driver_data.csv,5779.3,harsh_braking,apo
carla_driver_data.csv,5784.7,harsh_braking,apo
carla_driver_data.csv,5829.5,harsh_braking,apo
carla_driver_data.csv,5834.4,harsh_braking,apo
carla_driver_data.csv,5837.8,harsh_braking,apo
carla_driver_data.csv,5965.1,harsh_braking,apo
carla_driver_data.csv,5973.4,harsh_braking,apo
carla_driver_data.csv,6018.4,harsh_braking,onder
carla_driver_data.csv,6083.7,harsh_braking,onder
carla_driver_data.csv,6088.2,harsh_braking,onder
carla_driver_data.csv,6089.6,harsh_braking,onder
carla_driver_data.csv,6127.7,harsh_braking,onder
carla_driver_data.csv,6158.6,harsh_braking,onder
carla_driver_data.csv,6201.7,harsh_braking,onder
carla_driver_data.csv,6211.1,harsh_braking,onder
carla_driver_data.csv,6277.1,harsh_braking,onder
carla_driver_data.csv,6285.2,harsh_braking,onder
carla_driver_data.csv,6300.0,harsh_braking,onder
carla_driver_data.csv,6302.2,harsh_braking,onder
carla_driver_data.csv,6315.0,harsh_braking,onder
carla_driver_data.csv,6363.1,harsh_braking,hurcan
carla_driver_data.csv,6440.4,harsh_braking,hurcan
carla_driver_data.csv,6458.7,harsh_braking,hurcan
carla_driver_data.csv,6509.7,harsh_braking,hurcan
carla_driver_data.csv,6520.1,harsh_braking,hurcan
carla_driver_data.csv,6558.7,harsh_braking,hurcan
carla_driver_data.csv,6592.4,harsh_braking,hurcan
carla_driver_data.csv,6654.3,harsh_braking,mehdi
carla_driver_data.csv,6696.9,harsh_braking,mehdi
carla_driver_data.csv,6738.6,harsh_braking,mehdi
carla_driver_data.csv,6809.7,harsh_braking,mehdi
carla_driver_data.csv,6827.6,harsh_braking,berk
carla_driver_data.csv,6879.3,harsh_braking,berk
carla_driver_data.csv,6886.3,harsh_braking,berk
carla_driver_data.csv,6954.6,harsh_braking,berk
carla_driver_data.csv,6957.0,harsh_braking,berk
carla_driver_data.csv,7002.2,harsh_braking,berk
carla_driver_data.csv,7044.5,harsh_braking,berk
carla_driver_data.csv,7066.2,harsh_braking,berk
carla_driver_data.csv,7088.7,harsh_braking,selin
carla_driver_data.csv,7226.4,harsh_braking,selin
carla_driver_data.csv,7228.7,harsh_braking,selin
carla_driver_data.csv,7279.1,harsh_braking,selin
carla_driver_data.csv,7284.8,harsh_braking,selin
carla_driver_data.csv,7305.2,harsh_braking,selin
carla_driver_data.csv,7344.7,harsh_braking,selin
carla_driver_data.csv,7472.4,harsh_braking,selin
carla_driver_data.csv,7515.0,harsh_braking,selin
carla_driver_data.csv,7518.1,harsh_braking,selin
carla_driver_data.csv,7529.6,harsh_braking,selin
carla_driver_data.csv,7697.9,harsh_braking,selin
carla_driver_data.csv,7742.6,harsh_braking,selin
carla_driver_data.csv,7744.5,harsh_braking,selin
carla_driver_data.csv,7876.9,harsh_braking,selin
carla_driver_data.csv,7886.3,harsh_braking,selin
carla_driver_data.csv,7952.5,harsh_braking,selin
carla_driver_data.csv,8008.3,harsh_braking,selin
carla_driver_data.csv,8038.0,harsh_braking,selin
carla_driver_data.csv,8088.4,harsh_braking,selin
carla_driver_data.csv,8097.0,harsh_braking,selin
carla_driver_data.csv,8151.9,harsh_braking,selin
carla_driver_data.csv,8215.2,harsh_braking,selin
carla_driver_data.csv,8218.4,harsh_braking,selin
carla_driver_data.csv,8223.8,harsh_braking,selin
carla_driver_data.csv,8229.9,harsh_braking,selin
carla_driver_data.csv,8296.7,harsh_braking,selin
carla_driver_data.csv,8302.8,harsh_braking,selin
carla_driver_data.csv,8416.6,harsh_braking,selin
carla_driver_data.csv,8453.1,harsh_braking,selin
carla_driver_data.csv,8479.9,harsh_braking,selin
carla_driver_data.csv,8482.2,harsh_braking,selin
carla_driver_data.csv,8559.7,harsh_braking,selin
carla_driver_data.csv,8569.0,harsh_braking,selin
carla_driver_data.csv,8572.7,harsh_braking,selin
carla_driver_data.csv,8639.9,harsh_braking,selin
carla_driver_data.csv,8643.5,harsh_braking,selin
carla_driver_data.csv,8735.7,harsh_braking,selin
carla_driver_data.csv,8738.7,harsh_braking,selin
carla_driver_data.csv,8781.2,harsh_braking,selin
carla_driver_data.csv,8784.0,harsh_braking,selin
carla_driver_data.csv,8804.2,harsh_braking,selin
carla_driver_data.csv,8812.7,harsh_braking,selin
carla_driver_data.csv,8819.9,harsh_braking,selin
